Image,Label,LBP_0,LBP_1,LBP_2,LBP_3,LBP_4,LBP_5,LBP_6,LBP_7,LBP_8,LBP_9,LBP_10,LBP_11,LBP_12,LBP_13,LBP_14,LBP_15,LBP_16,LBP_17,LBP_18,LBP_19,LBP_20,LBP_21,LBP_22,LBP_23,LBP_24,LBP_25,LBP_26,LBP_27,LBP_28,LBP_29,LBP_30,LBP_31,LBP_32,LBP_33,LBP_34,LBP_35,LBP_36,LBP_37,LBP_38,LBP_39,LBP_40,LBP_41,LBP_42,LBP_43,LBP_44,LBP_45,LBP_46,LBP_47,LBP_48,LBP_49,LBP_50,LBP_51,LBP_52,LBP_53,LBP_54,LBP_55,LBP_56,LBP_57,LBP_58,Color_0,Color_1,Color_2,Color_3,Color_4,Color_5,Color_6,Color_7,Color_8,Color_9,Color_10,Color_11,Color_12,Color_13,Color_14,Color_15,Color_16,Color_17,Color_18,Color_19,Color_20,Color_21,Color_22,Color_23,Color_24,Color_25,Color_26,Color_27,Color_28,Color_29,Color_30,Color_31,Color_32,Color_33,Color_34,Color_35,Color_36,Color_37,Color_38,Color_39,Color_40,Color_41,Color_42,Color_43,Color_44,Color_45,Color_46,Color_47,Color_48,Color_49,Color_50,Color_51,Color_52,Color_53,Color_54,Color_55,Color_56,Color_57,Color_58,Color_59,Color_60,Color_61,Color_62,Color_63,GLCM_0,GLCM_1,GLCM_2,GLCM_3,Edge_Feature
dataset_images/Cotton01.jpg,Cotton,0.1386014074087143,0.0,0.0,0.08158659189939499,0.0,0.0,0.10128564387559891,0.0,0.0,0.0,0.10817129164934158,0.0,0.0,0.10582517832517624,0.0,0.0,0.0,0.13407576084136963,0.0,0.0,0.18227529525756836,0.0,0.0,0.0,0.263792484998703,0.0,0.0,0.30331552028656006,0.0,0.0,0.0,0.32355600595474243,0.0,0.0,0.19165976345539093,0.0,0.0,0.0,0.1776108294725418,0.0,0.0,0.14584800601005554,0.0,0.0,0.0,0.13235434889793396,0.0,0.0,0.1126275286078453,0.0,0.0,0.0,0.07114706188440323,0.0,0.0,0.21573176980018616,0.0,0.0,0.6811237931251526,0.0,0.0,4.0050861571216956e-05,0.0015753338811919093,0.06132454425096512,0.4489835202693939,0.8852775692939758,0.0776185691356659,0.0,6.675143595202826e-06,0.0001869040133897215,0.009705659002065659,0.050137002021074295,0.037601083517074585,0.0034376990515738726,0.0,0.0,0.0,0.00042053405195474625,0.011234266683459282,0.007002225611358881,2.0025430785608478e-05,0.0,0.0,0.0,0.0,0.0004338843282312155,0.002309599658474326,0.0,0.0,0.0,0.0,0.0,0.0,0.0,0.0,0.0,0.0,0.0,0.0,0.0,0.0,0.0,0.0,0.0,0.0,0.0,0.0,0.0,0.0,0.0,0.0,0.0,0.0,0.0,0.0,0.0,0.0,0.0,0.0,0.0,0.0,0.0,0.0,15.782332665330664,0.04313555095651688,0.4288653693957196,0.9863021840046112,2.950860023498535
dataset_images/Cotton02.jpg,Cotton,0.09802543371915817,0.0,0.0,0.06367228925228119,0.0,0.0,0.059463344514369965,0.0,0.0,0.0,0.05515873804688454,0.0,0.0,0.05593595653772354,0.0,0.0,0.0,0.10254526883363724,0.0,0.0,0.18154673278331757,0.0,0.0,0.0,0.37177443504333496,0.0,0.0,0.5455728769302368,0.0,0.0,0.0,0.47728508710861206,0.0,0.0,0.18778841197490692,0.0,0.0,0.0,0.19860972464084625,0.0,0.0,0.09574159979820251,0.0,0.0,0.0,0.08940426260232925,0.0,0.0,0.08334194868803024,0.0,0.0,0.0,0.06904108822345734,0.0,0.0,0.20163489878177643,0.0,0.0,0.5340461134910583,0.0002991334768012166,0.00011965339217567816,0.004264788702130318,0.02460586465895176,0.08988533914089203,0.19829131662845612,0.5864042043685913,0.7579272985458374,0.000521346926689148,0.003016974776983261,0.03285340219736099,0.08480861783027649,0.09504752606153488,0.07018525898456573,0.05265603959560394,0.014554980210959911,0.0012050805380567908,0.010110711678862572,0.027315160259604454,0.017905276268720627,0.017042061313986778,0.019648795947432518,0.014136193320155144,0.006384362932294607,0.003016974776983261,0.01946931704878807,0.023058917373418808,0.013683220371603966,0.015127607621252537,0.011264512315392494,0.005726269446313381,0.0012563606724143028,0.004444268997758627,0.01992228999733925,0.011093579232692719,0.010290191508829594,0.005401495844125748,0.0023417877964675426,0.000546986935660243,0.0,0.004461362026631832,0.008418470621109009,0.00541858933866024,0.0014614807441830635,0.00012820005940739065,7.692004146520048e-05,0.0,0.0,0.002632374642416835,0.003350294893607497,0.0012050805380567908,6.837336695753038e-05,0.0,0.0,0.0,0.0,0.003495588432997465,0.0015640407800674438,0.00011965339217567816,0.0,0.0,0.0,0.0,0.0,132.59726017943407,0.03652216581402967,0.3993090579816885,0.9796204666252162,16.682842254638672
dataset_images/Cotton03.jpg,Cotton,0.09313670545816422,0.0,0.0,0.07149411737918854,0.0,0.0,0.07064729183912277,0.0,0.0,0.0,0.07611694186925888,0.0,0.0,0.08744493871927261,0.0,0.0,0.0,0.1353529393672943,0.0,0.0,0.20786046981811523,0.0,0.0,0.0,0.35583245754241943,0.0,0.0,0.4504684805870056,0.0,0.0,0.0,0.41805317997932434,0.0,0.0,0.2461480051279068,0.0,0.0,0.0,0.17026706039905548,0.0,0.0,0.11920776218175888,0.0,0.0,0.0,0.09906446933746338,0.0,0.0,0.08641764521598816,0.0,0.0,0.0,0.06251223385334015,0.0,0.0,0.14719459414482117,0.0,0.0,0.5733689665794373,0.0,0.00010473807924427092,0.0005760594503954053,0.015422682277858257,0.110655777156353,0.35332080721855164,0.133056640625,0.03237715736031532,3.9276779716601595e-05,0.0008509968756698072,0.012490016408264637,0.2088608294725418,0.5674840211868286,0.41980332136154175,0.014493132010102272,0.0,0.00020947615848854184,0.003692017402499914,0.04615021497011185,0.06317015737295151,0.03448501229286194,0.0006153362337499857,0.0,0.0,0.0004582291003316641,0.015278667211532593,0.04502428323030472,0.011495004408061504,0.0006153362337499857,0.0,0.0,0.0,0.0015448866179212928,0.010251239873468876,0.003836032235994935,0.0005760594503954053,0.0,0.0,0.0,0.0,0.003050496568903327,0.0037574786692857742,0.00017019937513396144,3.9276779716601595e-05,0.0,0.0,0.0,0.0,0.0033516185358166695,0.0006284284754656255,0.0,0.0,0.0,0.0,0.0,0.0,0.00532855000346899,2.618451981106773e-05,0.0,0.0,0.0,0.0,0.0,0.0,26.079122244488975,0.025548293295248492,0.37837757635751257,0.9939903945451315,4.47983980178833
dataset_images/Cotton04.jpg,Cotton,0.19627247750759125,0.0,0.0,0.10056993365287781,0.0,0.0,0.10262657701969147,0.0,0.0,0.0,0.09467422217130661,0.0,0.0,0.07972926646471024,0.0,0.0,0.0,0.10968772321939468,0.0,0.0,0.14101728796958923,0.0,0.0,0.0,0.23404619097709656,0.0,0.0,0.30685141682624817,0.0,0.0,0.0,0.31857427954673767,0.0,0.0,0.1459532380104065,0.0,0.0,0.0,0.14965519309043884,0.0,0.0,0.10817951709032059,0.0,0.0,0.0,0.09316601604223251,0.0,0.0,0.10084415227174759,0.0,0.0,0.0,0.09954161196947098,0.0,0.0,0.2363770455121994,0.0,0.0,0.8528220653533936,0.0,0.0002939066616818309,0.021984219551086426,0.18698342144489288,0.3068973422050476,0.1666450798511505,0.04167596623301506,0.0018810026813298464,0.0001175626675831154,0.005584226921200752,0.06289602816104889,0.2973159849643707,0.243413507938385,0.05360857769846916,0.001234408002346754,0.0,0.0005878133233636618,0.010521858930587769,0.007347666658461094,0.03086020052433014,0.0022924719378352165,0.0,0.0,0.0,0.001116845291107893,0.0022924719378352165,0.0001175626675831154,0.0,0.0,0.0,0.0,0.0,0.0002939066616818309,0.0001175626675831154,0.0,0.0,0.0,0.0,0.0,0.0,0.0002351253351662308,0.0,0.0,0.0,0.0,0.0,0.0,0.0,0.0,0.0,0.0,0.0,0.0,0.0,0.0,0.0,5.87813337915577e-05,0.0,0.0,0.0,0.0,0.0,0.0,0.0,124.39367063492064,0.02824873226519337,0.28812967961916225,0.9763621430304447,28.867259979248047
dataset_images/Cotton05.jpg,Cotton,0.058503925800323486,0.0,0.0,0.03267102316021919,0.0,0.0,0.05788227915763855,0.0,0.0,0.0,0.06706884503364563,0.0,0.0,0.06996986269950867,0.0,0.0,0.0,0.1343449056148529,0.0,0.0,0.21426112949848175,0.0,0.0,0.0,0.38549044728279114,0.0,0.0,0.5122374296188354,0.0,0.0,0.0,0.5189374089241028,0.0,0.0,0.18870452046394348,0.0,0.0,0.0,0.21847452223300934,0.0,0.0,0.098289355635643,0.0,0.0,0.0,0.09386875480413437,0.0,0.0,0.07749870419502258,0.0,0.0,0.0,0.047659631818532944,0.0,0.0,0.3454977869987488,0.0,0.0,0.3492276966571808,0.0,0.0,0.0,0.00022439264284912497,0.001178061356768012,0.012509889900684357,0.021934380754828453,0.04476633295416832,0.0,0.0,0.0,0.0,0.0,0.0,0.0,0.0,0.0,0.0,0.0,0.0,0.0,0.0,0.0,0.0,0.0,0.0,0.0,0.0,0.0,0.0,0.0,0.0,0.0,0.0,0.0,0.0,0.0,0.0,0.0,0.0,0.0,0.0,0.0,0.0,0.0,0.0,0.0,0.0,0.0,0.0,0.0,0.0,0.0,0.0,0.0,0.0,0.0,0.0,0.0,0.0,0.0,0.0,0.0,0.0,27.800287700791177,0.05750723339479444,0.49793930284982935,0.9913552349355865,6.485889434814453
dataset_images/Cotton06.jpg,Cotton,0.1164618507027626,0.0,0.0,0.06816194206476212,0.0,0.0,0.0869259387254715,0.0,0.0,0.0,0.09600215405225754,0.0,0.0,0.09750326722860336,0.0,0.0,0.0,0.1415083110332489,0.0,0.0,0.1945478618144989,0.0,0.0,0.0,0.28667211532592773,0.0,0.0,0.2911754846572876,0.0,0.0,0.0,0.3534163534641266,0.0,0.0,0.22133173048496246,0.0,0.0,0.0,0.21987231075763702,0.0,0.0,0.14777687191963196,0.0,0.0,0.0,0.12920746207237244,0.0,0.0,0.10709375888109207,0.0,0.0,0.0,0.06842602789402008,0.0,0.0,0.21620289981365204,0.0,0.0,0.6283019185066223,0.0,0.0,0.0,8.478119707433507e-05,0.0030945136677473783,0.14659516513347626,0.6237013339996338,0.5202428698539734,0.0,0.0,8.478119525534566e-06,0.0008562900475226343,0.01345477532595396,0.03402269259095192,0.004052541218698025,0.0001526061532786116,0.0,0.0,0.00016956239414867014,0.0018990987446159124,0.0058075119741261005,0.0008393338066525757,8.478119525534566e-06,0.0,0.0,0.0,0.0001526061532786116,0.00031369042699225247,0.0001780405145836994,8.478119525534566e-06,0.0,0.0,0.0,8.478119525534566e-06,0.0,0.0,0.0,0.0,0.0,0.0,0.0,0.0,0.0,0.0,0.0,0.0,0.0,0.0,0.0,0.0,0.0,0.0,0.0,0.0,0.0,0.0,0.0,0.0,0.0,0.0,0.0,0.0,0.0,0.0,13.911881037193927,0.05614313256116936,0.4800691901791103,0.9859704435542304,2.597018003463745
dataset_images/Cotton07.jpeg,Cotton,0.12517978250980377,0.0,0.0,0.07513823360204697,0.0,0.0,0.07561001926660538,0.0,0.0,0.0,0.08370082825422287,0.0,0.0,0.0900454968214035,0.0,0.0,0.0,0.1257871389389038,0.0,0.0,0.18232518434524536,0.0,0.0,0.0,0.3025919198989868,0.0,0.0,0.3800836503505707,0.0,0.0,0.0,0.30122536420822144,0.0,0.0,0.1915222406387329,0.0,0.0,0.0,0.15148575603961945,0.0,0.0,0.11014237254858017,0.0,0.0,0.0,0.10982784628868103,0.0,0.0,0.10520220547914505,0.0,0.0,0.0,0.08165100961923599,0.0,0.0,0.263498991727829,0.0,0.0,0.7155702114105225,0.011014892719686031,0.012498380616307259,0.024060308933258057,0.2619653046131134,0.2626606822013855,0.13321715593338013,0.11392255127429962,0.028826013207435608,0.015715694054961205,0.060007061809301376,0.0890926867723465,0.17480115592479706,0.0564374178647995,0.021640371531248093,0.0032914874609559774,0.0006119384779594839,0.011552657000720501,0.13808484375476837,0.12163668870925903,0.06965900212526321,0.021306585520505905,0.010560574941337109,0.0012702359817922115,3.708718213601969e-05,0.004357744008302689,0.16646581888198853,0.17508858442306519,0.05698445439338684,0.010644021444022655,0.0018914462998509407,9.271795534004923e-06,0.0,0.0009642667137086391,0.11200328916311264,0.17790721356868744,0.03800509124994278,0.011867898516356945,0.00041723079630173743,0.0,0.0,0.00014834872854407877,0.02848295494914055,0.07123520225286484,0.017143549397587776,0.004774974659085274,5.5630771385040134e-05,0.0,0.0,4.6358978579519317e-05,0.001965620554983616,0.009262523613870144,0.004774974659085274,0.0002688820823095739,0.0,0.0,0.0,0.0,1.8543591068009846e-05,0.00040795901441015303,0.0002781538642011583,0.0,0.0,0.0,0.0,80.3828629536921,0.028659205425950705,0.3851930922570549,0.99063798001724,13.791515350341797
dataset_images/Cotton08.jpg,Cotton,0.14488118886947632,0.0,0.0,0.07507368922233582,0.0,0.0,0.1067734956741333,0.0,0.0,0.0,0.1259738951921463,0.0,0.0,0.11656837910413742,0.0,0.0,0.0,0.15051348507404327,0.0,0.0,0.17862313985824585,0.0,0.0,0.0,0.23116233944892883,0.0,0.0,0.2330574095249176,0.0,0.0,0.0,0.2821979820728302,0.0,0.0,0.21004147827625275,0.0,0.0,0.0,0.20263156294822693,0.0,0.0,0.1675373613834381,0.0,0.0,0.0,0.1525048464536667,0.0,0.0,0.11895758658647537,0.0,0.0,0.0,0.07507580518722534,0.0,0.0,0.2315136343240738,0.0,0.0,0.6675009727478027,0.0,0.0,1.7891143215820193e-06,9.3033944722265e-05,0.00016936947940848768,0.11821810901165009,0.8538100719451904,0.3824470341205597,0.0,0.0,8.70702278916724e-05,0.0001634057698538527,0.005255821160972118,0.28063270449638367,0.15859723091125488,0.000896346231456846,0.0,0.0,0.00010794322588481009,0.0005993532831780612,0.02161250077188015,0.032133087515830994,0.005728147458285093,0.0,0.0,0.0,5.426979987532832e-05,0.0032269656658172607,0.004278964828699827,0.0017008512513712049,0.0,0.0,0.0,0.0,0.00016936947940848768,0.00130247522611171,0.0,0.0,0.0,0.0,0.0,0.0,9.422668517800048e-05,3.1011313694762066e-05,0.0,0.0,0.0,0.0,0.0,0.0,0.0,0.0,0.0,0.0,0.0,0.0,0.0,0.0,0.0,0.0,0.0,0.0,0.0,0.0,5.339141827011066,0.04219119168263002,0.4775790694525277,0.995612884143041,0.04680182784795761
dataset_images/Cotton09.jpg,Cotton,0.025149429216980934,0.0,0.0,0.01784639060497284,0.0,0.0,0.02875160239636898,0.0,0.0,0.0,0.04368116334080696,0.0,0.0,0.057541586458683014,0.0,0.0,0.0,0.11813158541917801,0.0,0.0,0.22113622725009918,0.0,0.0,0.0,0.5085261464118958,0.0,0.0,0.68426513671875,0.0,0.0,0.0,0.6564839482307434,0.0,0.0,0.32041260600090027,0.0,0.0,0.0,0.21857577562332153,0.0,0.0,0.09995622932910919,0.0,0.0,0.0,0.06834262609481812,0.0,0.0,0.043999165296554565,0.0,0.0,0.0,0.021793978288769722,0.0,0.0,0.14220640063285828,0.0,0.0,0.19378821551799774,0.0021429958287626505,0.00019378152501303703,0.0019492142600938678,0.03992469608783722,0.32708612084388733,0.5428219437599182,0.2074488252401352,0.13069424033164978,0.0,0.0005129511118866503,0.010042442940175533,0.1436605006456375,0.2799060344696045,0.07038259506225586,0.0035336632281541824,0.0,0.0,0.001248180982656777,0.0029124224092811346,0.002524859271943569,9.119130845647305e-05,0.0,0.0,0.0,0.0,0.00011398913920857012,0.00010828967788256705,0.0,0.0,0.0,0.0,0.0,0.0,0.0,0.0,0.0,0.0,0.0,0.0,0.0,0.0,0.0,0.0,0.0,0.0,0.0,0.0,0.0,0.0,0.0,0.0,0.0,0.0,0.0,0.0,0.0,0.002741438802331686,0.0,0.0,0.0,0.0,0.0,0.0,0.0,4.970166058633672,0.03689581344241488,0.5180758762275868,0.9982199750789452,0.5535070896148682
dataset_images/Cotton10.jpeg,Cotton,0.06338653713464737,0.0,0.0,0.042012766003608704,0.0,0.0,0.054598044604063034,0.0,0.0,0.0,0.05503891408443451,0.0,0.0,0.04387501999735832,0.0,0.0,0.0,0.091163769364357,0.0,0.0,0.1401870995759964,0.0,0.0,0.0,0.2667674422264099,0.0,0.0,0.28175702691078186,0.0,0.0,0.0,0.4614032208919525,0.0,0.0,0.1863531917333603,0.0,0.0,0.0,0.2934918999671936,0.0,0.0,0.1237688958644867,0.0,0.0,0.0,0.117030568420887,0.0,0.0,0.10375145822763443,0.0,0.0,0.0,0.06357204169034958,0.0,0.0,0.6441571712493896,0.0,0.0,0.43827319145202637,0.0,0.0,0.0,2.617242898850236e-05,0.011356964707374573,0.08055873215198517,0.1776808798313141,0.7476602792739868,0.0,0.0,0.0,0.0009179044864140451,0.10288942605257034,0.3923695683479309,0.3555543124675751,0.12060068547725677,0.0,0.0,0.0,0.003406154690310359,0.04785441607236862,0.14453910291194916,0.07670951634645462,0.0042474111542105675,0.0,0.0,0.0,0.00673005310818553,0.0053803035989403725,0.011618688702583313,0.0015609983820468187,0.0,0.0,0.0,0.0,0.0,0.0,0.0,0.0,0.0,0.0,0.0,0.0,0.0,0.0,0.0,0.0,0.0,0.0,0.0,0.0,0.0,0.0,0.0,0.0,0.0,0.0,0.0,0.0,0.0,0.0,0.0,0.0,0.0,5.842131951487199,0.06577558273101715,0.6917882676345705,0.997823392611177,0.4012807309627533
dataset_images/Cotton11.jpg,Cotton,0.0742129385471344,0.0,0.0,0.049252573400735855,0.0,0.0,0.058415841311216354,0.0,0.0,0.0,0.07435610890388489,0.0,0.0,0.09821879118680954,0.0,0.0,0.0,0.16737283766269684,0.0,0.0,0.29017019271850586,0.0,0.0,0.0,0.4953415095806122,0.0,0.0,0.5728474855422974,0.0,0.0,0.0,0.39678865671157837,0.0,0.0,0.2227819859981537,0.0,0.0,0.0,0.15319840610027313,0.0,0.0,0.1118205189704895,0.0,0.0,0.0,0.09082136303186417,0.0,0.0,0.0712062418460846,0.0,0.0,0.0,0.04595952108502388,0.0,0.0,0.07249481976032257,0.0,0.0,0.42532840371131897,0.0,3.3175223506987095e-05,0.00023222656454890966,0.0018909877398982644,0.0201373603194952,0.23023605346679688,0.7433903813362122,0.5808981657028198,0.0,9.952567052096128e-05,0.0022890903055667877,0.016388559713959694,0.08220820128917694,0.1547624170780182,0.06363008171319962,0.003848325926810503,3.3175223506987095e-05,0.0006635044701397419,0.008061579428613186,0.02561127208173275,0.033473800867795944,0.014364872127771378,0.0026540178805589676,9.952567052096128e-05,3.3175223506987095e-05,0.0025544920936226845,0.011014174669981003,0.014762974344193935,0.006303292699158192,0.001393359387293458,0.00013270089402794838,0.0,6.635044701397419e-05,0.0022890903055667877,0.00859238300472498,0.0051421597599983215,0.0007298549171537161,0.00016587611753493547,0.0,0.0,6.635044701397419e-05,0.0014597098343074322,0.0036492745857685804,0.0005308035761117935,0.0,0.0,0.0,0.0,3.3175223506987095e-05,0.0006303292466327548,0.0009289062581956387,0.0,0.0,0.0,0.0,0.0,0.00023222656454890966,0.0013270089402794838,0.00019905134104192257,0.0,0.0,0.0,0.0,0.0,143.65818141702752,0.025233885749661872,0.2529169788712713,0.9518933716012193,23.774751663208008
dataset_images/Cotton12.jpg,Cotton,0.1164618507027626,0.0,0.0,0.06816194206476212,0.0,0.0,0.0869259387254715,0.0,0.0,0.0,0.09600215405225754,0.0,0.0,0.09750326722860336,0.0,0.0,0.0,0.1415083110332489,0.0,0.0,0.1945478618144989,0.0,0.0,0.0,0.28667211532592773,0.0,0.0,0.2911754846572876,0.0,0.0,0.0,0.3534163534641266,0.0,0.0,0.22133173048496246,0.0,0.0,0.0,0.21987231075763702,0.0,0.0,0.14777687191963196,0.0,0.0,0.0,0.12920746207237244,0.0,0.0,0.10709375888109207,0.0,0.0,0.0,0.06842602789402008,0.0,0.0,0.21620289981365204,0.0,0.0,0.6283019185066223,0.0,0.0,0.0,8.478119707433507e-05,0.0030945136677473783,0.14659516513347626,0.6237013339996338,0.5202428698539734,0.0,0.0,8.478119525534566e-06,0.0008562900475226343,0.01345477532595396,0.03402269259095192,0.004052541218698025,0.0001526061532786116,0.0,0.0,0.00016956239414867014,0.0018990987446159124,0.0058075119741261005,0.0008393338066525757,8.478119525534566e-06,0.0,0.0,0.0,0.0001526061532786116,0.00031369042699225247,0.0001780405145836994,8.478119525534566e-06,0.0,0.0,0.0,8.478119525534566e-06,0.0,0.0,0.0,0.0,0.0,0.0,0.0,0.0,0.0,0.0,0.0,0.0,0.0,0.0,0.0,0.0,0.0,0.0,0.0,0.0,0.0,0.0,0.0,0.0,0.0,0.0,0.0,0.0,0.0,0.0,13.911881037193927,0.05614313256116936,0.4800691901791103,0.9859704435542304,2.597018003463745
dataset_images/Leather01.jpg,Leather,0.295267790555954,0.0,0.0,0.20290622115135193,0.0,0.0,0.14415259659290314,0.0,0.0,0.0,0.08574709296226501,0.0,0.0,0.06137799471616745,0.0,0.0,0.0,0.05797703191637993,0.0,0.0,0.06895651668310165,0.0,0.0,0.0,0.08175698667764664,0.0,0.0,0.09474491328001022,0.0,0.0,0.0,0.08665759116411209,0.0,0.0,0.06619825959205627,0.0,0.0,0.0,0.05985157936811447,0.0,0.0,0.062181372195482254,0.0,0.0,0.0,0.09576252847909927,0.0,0.0,0.149240642786026,0.0,0.0,0.0,0.18734750151634216,0.0,0.0,0.2941698431968689,0.0,0.0,1.3762917518615723,0.0,0.0,0.0,0.0,0.0,0.0,0.0,0.0,0.0,0.0,0.0,0.0,0.02428869903087616,0.8179917931556702,0.5685709714889526,0.005705240182578564,0.0,0.0,0.0,3.55097945430316e-05,0.05167858675122261,0.0657522976398468,0.0,0.0,0.0,0.0,0.0,0.0,0.0,0.0,0.0,0.0,0.0,0.0,0.0,0.0,0.0,0.0,0.0,0.0,0.0,0.0,0.0,0.0,0.0,0.0,0.0,0.0,0.0,0.0,0.0,0.0,0.0,0.0,0.0,0.0,0.0,0.0,0.0,0.0,0.0,0.0,0.0,0.0,303.72938718662954,0.019453699274079195,0.07514207127356137,0.37171703184563865,53.98483657836914
dataset_images/Leather02.jpg,Leather,0.304171085357666,0.0,0.0,0.13715818524360657,0.0,0.0,0.15955586731433868,0.0,0.0,0.0,0.13562603294849396,0.0,0.0,0.10700233280658722,0.0,0.0,0.0,0.09609132260084152,0.0,0.0,0.09326614439487457,0.0,0.0,0.0,0.08774864673614502,0.0,0.0,0.07827235758304596,0.0,0.0,0.0,0.07446413487195969,0.0,0.0,0.06662626564502716,0.0,0.0,0.0,0.07137326896190643,0.0,0.0,0.08182375133037567,0.0,0.0,0.0,0.10828650742769241,0.0,0.0,0.1394696831703186,0.0,0.0,0.0,0.1413029581308365,0.0,0.0,0.33902081847190857,0.0,0.0,1.249328851699829,0.0,0.0,0.0,0.0,0.0,0.0,0.0,0.0,0.0,0.0,0.0,0.0,0.0,0.0,0.0,0.0,0.0,0.0,0.0,0.0,0.0,1.0939857929770369e-05,1.6409787349402905e-05,0.0,0.0,0.0,0.0,0.006881170440465212,0.001974644372239709,5.4699288739357144e-05,0.0,0.0,0.0,0.0,0.02876635640859604,0.33049312233924866,0.002488817786797881,0.0,0.0,0.0,0.0,3.281957469880581e-05,0.6710836887359619,0.14582283794879913,0.0,0.0,0.0,0.0,0.0,0.010814049281179905,0.5973271727561951,0.0001422181521775201,0.0,0.0,0.0,0.0,6.016921906848438e-05,0.19562654197216034,0.15193821489810944,0.0,0.0,0.0,0.0,0.0,150.63348753993608,0.022273720031647595,0.10194293591697999,0.6609342731560612,62.211708068847656
dataset_images/Leather03.jpg,Leather,0.3353431522846222,0.0,0.0,0.20499765872955322,0.0,0.0,0.13846881687641144,0.0,0.0,0.0,0.06456116586923599,0.0,0.0,0.04211898148059845,0.0,0.0,0.0,0.04359474405646324,0.0,0.0,0.047383856028318405,0.0,0.0,0.0,0.053978241980075836,0.0,0.0,0.05651761218905449,0.0,0.0,0.0,0.06226110830903053,0.0,0.0,0.04641330987215042,0.0,0.0,0.0,0.046639326959848404,0.0,0.0,0.05167818441987038,0.0,0.0,0.0,0.07170065492391586,0.0,0.0,0.12590491771697998,0.0,0.0,0.0,0.19691422581672668,0.0,0.0,0.3807593286037445,0.0,0.0,1.5013529062271118,0.28187209367752075,0.9485432505607605,0.14376497268676758,4.364780761534348e-05,0.0,0.0,0.0,0.0,0.0005292296409606934,0.0010530033614486456,0.0,0.0,0.0,0.0,0.0,0.0,9.820756531553343e-05,0.0,0.0,0.0,0.0,0.0,0.0,0.0,1.091195190383587e-05,0.0,0.0,0.0,0.0,0.0,0.0,0.0,0.0,0.0,0.0,0.0,0.0,0.0,0.0,0.0,0.0,0.0,0.0,0.0,0.0,0.0,0.0,0.0,0.0,0.0,0.0,0.0,0.0,0.0,0.0,0.0,0.0,0.0,0.0,0.0,0.0,0.0,0.0,0.0,139.03378417266188,0.022876711721302775,0.10822888489596266,0.673386399936825,54.69211959838867
dataset_images/Leather04.png,Leather,0.19408397376537323,0.0,0.0,0.09931956231594086,0.0,0.0,0.13119257986545563,0.0,0.0,0.0,0.1446714699268341,0.0,0.0,0.13513168692588806,0.0,0.0,0.0,0.14273227751255035,0.0,0.0,0.1445673555135727,0.0,0.0,0.0,0.1639939695596695,0.0,0.0,0.18394552171230316,0.0,0.0,0.0,0.19249184429645538,0.0,0.0,0.17159022390842438,0.0,0.0,0.0,0.16065353155136108,0.0,0.0,0.15651051700115204,0.0,0.0,0.0,0.1572783887386322,0.0,0.0,0.13879315555095673,0.0,0.0,0.0,0.0919792652130127,0.0,0.0,0.2343427985906601,0.0,0.0,0.8273101449012756,0.0,0.0,0.0,0.0,0.0,0.0,0.0,0.0,0.0,0.0,0.0,0.0,0.0,0.0,0.0,0.0,0.0,0.0,0.0,9.702146053314209e-05,0.0018595779547467828,0.0003349550243001431,6.9301040639402345e-06,0.0,0.0,0.0,0.0,0.22405488789081573,0.21659116446971893,0.0002333135053049773,0.0,0.0,0.0,0.0,0.0,0.8676143884658813,0.33161935210227966,0.0,0.0,0.0,0.0,0.0,2.310034687980078e-05,0.20034699141979218,0.004255083855241537,0.0,0.0,0.0,0.0,0.0,6.9301040639402345e-06,0.000984074780717492,0.0,0.0,0.0,0.0,0.0,0.0,0.0,0.0,0.0,0.0,0.0,0.0,8.83086961961962,0.05963846878522396,0.34723218227671143,0.9337463439669386,0.0643875002861023
dataset_images/Leather05.jpg,Leather,0.390262633562088,0.0,0.0,0.17952795326709747,0.0,0.0,0.14405441284179688,0.0,0.0,0.0,0.06630537658929825,0.0,0.0,0.03468802943825722,0.0,0.0,0.0,0.02670781873166561,0.0,0.0,0.025440268218517303,0.0,0.0,0.0,0.027350520715117455,0.0,0.0,0.02956427074968815,0.0,0.0,0.0,0.03399176895618439,0.0,0.0,0.029635680839419365,0.0,0.0,0.0,0.0315994918346405,0.0,0.0,0.038080066442489624,0.0,0.0,0.0,0.054040487855672836,0.0,0.0,0.11259773373603821,0.0,0.0,0.0,0.2270878702402115,0.0,0.0,0.4279678165912628,0.0,0.0,1.5916860103607178,0.0,0.0,0.0,0.0,0.0,0.0,0.0,0.0,0.0,0.0,0.0004127534630242735,0.005957408342510462,0.017583297565579414,0.013552071526646614,0.0005228210357017815,0.0,0.0,0.00017885983106680214,0.06323383003473282,0.3209020495414734,0.1427026242017746,0.010690314695239067,4.1275343392044306e-05,0.0,0.0,0.01161213032901287,0.6033905148506165,0.3221815824508667,0.003095650812610984,0.0,0.0,0.0,0.0,0.10688938200473785,0.5785014629364014,0.023650772869586945,0.0,0.0,0.0,0.0,0.0,0.1830148845911026,0.11796493828296661,0.00015134293062146753,0.0,0.0,0.0,0.0,2.7516896807355806e-05,0.0900903195142746,0.006851707119494677,0.0,0.0,0.0,0.0,0.0,0.0014996709069237113,0.04190823435783386,0.00017885983106680214,0.0,0.0,0.0,0.0,0.0,582.9523706452277,0.01375403324037642,0.05925037779141885,0.5284946217637836,87.99073791503906
dataset_images/Leather06.jpg,Leather,0.3545173406600952,0.0,0.0,0.22210891544818878,0.0,0.0,0.13568143546581268,0.0,0.0,0.0,0.06754317134618759,0.0,0.0,0.04254922270774841,0.0,0.0,0.0,0.0355667844414711,0.0,0.0,0.03653877228498459,0.0,0.0,0.0,0.039851460605859756,0.0,0.0,0.04362038895487785,0.0,0.0,0.0,0.04758768528699875,0.0,0.0,0.041795436292886734,0.0,0.0,0.0,0.04574289172887802,0.0,0.0,0.04655618593096733,0.0,0.0,0.0,0.06784071773290634,0.0,0.0,0.127548485994339,0.0,0.0,0.0,0.21724899113178253,0.0,0.0,0.36290815472602844,0.0,0.0,1.5353821516036987,0.0,0.0,0.0,0.0,0.0,0.0,0.0,0.0,0.0,0.0,0.0,0.0,0.0,0.0,0.0,0.0,0.0,0.0,0.0,0.0,0.0,0.0,0.0,0.0,0.0,0.0,0.0,0.0,0.0,0.0,0.0,0.0,0.0,0.0,0.0,0.0,0.0,0.0,0.0,0.0,0.0,0.0,0.0,0.0,0.0,0.0,0.0,0.0,0.0,0.0,0.0,0.0,0.0,0.0,0.0,0.0,0.0,0.0,0.0,0.0,0.0,0.0,0.0,0.0,196.15912943871706,0.020891804164000088,0.09341044390002265,0.5985398696258126,69.38314819335938
dataset_images/Leather07.jpg,Leather,0.5013713240623474,0.0,0.0,0.24213121831417084,0.0,0.0,0.07680118829011917,0.0,0.0,0.0,0.012759516015648842,0.0,0.0,0.004149616230279207,0.0,0.0,0.0,0.003206521738320589,0.0,0.0,0.0020526177249848843,0.0,0.0,0.0,0.002296712715178728,0.0,0.0,0.0023965698201209307,0.0,0.0,0.0,0.004615616053342819,0.0,0.0,0.0027405221480876207,0.0,0.0,0.0,0.0045268540270626545,0.0,0.0,0.007156423758715391,0.0,0.0,0.0,0.021025462076067924,0.0,0.0,0.08184951543807983,0.0,0.0,0.0,0.22932732105255127,0.0,0.0,0.561840295791626,0.0,0.0,1.710340976715088,0.0,0.0,0.0,0.0,0.0,0.0,0.0,0.0,0.0,0.0,0.0,0.0,0.0,0.0,0.0,0.0,0.0,0.0,0.0,0.0,0.0,0.0,0.0,0.0,0.0,0.0,0.0,0.0,0.0,0.0,0.0,0.0,0.0,0.0,0.0,0.0,0.0,0.0,0.0,0.0,0.0,0.0,0.0,0.0,0.0,0.0,0.0,0.0,0.0,0.0,0.0,0.0,0.0,0.0,0.0,0.0,0.0,0.0,0.0,0.0,0.0,0.0,0.0,0.0,1842.7953384132675,0.009518911748747196,0.030570573879774153,0.11922854145809675,85.66141510009766
dataset_images/Leather08.jpg,Leather,0.4724194407463074,0.0,0.0,0.2559918463230133,0.0,0.0,0.0719350203871727,0.0,0.0,0.0,0.019297953695058823,0.0,0.0,0.006501819472759962,0.0,0.0,0.0,0.0040117609314620495,0.0,0.0,0.00269756349734962,0.0,0.0,0.0,0.0030434047803282738,0.0,0.0,0.004150097724050283,0.0,0.0,0.0,0.01390282716602087,0.0,0.0,0.0030434047803282738,0.0,0.0,0.0,0.011966114863753319,0.0,0.0,0.006778492592275143,0.0,0.0,0.0,0.016392884775996208,0.0,0.0,0.07089749723672867,0.0,0.0,0.0,0.25080421566963196,0.0,0.0,0.4738028049468994,0.0,0.0,1.7829511165618896,0.0,0.0,0.0,0.0,0.0,0.0,0.0,0.0,0.0,0.0,0.0,0.0,0.0,0.0,0.0,0.0,0.0,0.0,0.0,0.012025493197143078,3.455601472523995e-05,0.0,0.0,0.0,0.0,0.0,0.5277048945426941,0.14081576466560364,0.0,0.0,0.0,0.0,0.0,0.006358306854963303,0.8253358602523804,0.0,0.0,0.0,0.0,0.0,0.0,0.12367597967386246,0.06534542143344879,0.0,0.0,0.0,0.0,0.0,0.0,0.027230139821767807,0.0,0.0,0.0,0.0,0.0,0.0,0.00017278006998822093,0.005183401983231306,0.0,0.0,0.0,0.0,0.0,0.0,376.91868193465734,0.024474094305195357,0.06288112198333115,-0.3165320343973133,1.3315130472183228
dataset_images/Leather09.jpg,Leather,0.2683810889720917,0.0,0.0,0.19068308174610138,0.0,0.0,0.12467548251152039,0.0,0.0,0.0,0.07609555125236511,0.0,0.0,0.06116704270243645,0.0,0.0,0.0,0.06364128738641739,0.0,0.0,0.07735758274793625,0.0,0.0,0.0,0.10637602210044861,0.0,0.0,0.1295575499534607,0.0,0.0,0.0,0.12559710443019867,0.0,0.0,0.0923774242401123,0.0,0.0,0.0,0.07031677663326263,0.0,0.0,0.06105080246925354,0.0,0.0,0.0,0.07872755080461502,0.0,0.0,0.12964889407157898,0.0,0.0,0.0,0.1706400215625763,0.0,0.0,0.26309219002723694,0.0,0.0,1.3812028169631958,0.0,0.0,0.0,0.0,0.0,0.0,0.0,0.0,0.0,0.0,0.0,0.0,0.0,0.0,0.0,0.0,0.0,0.0,3.423189809836913e-06,0.00014035077765583992,0.0012494642287492752,0.006709452252835035,0.001834829687140882,0.0,0.0,0.0,8.215655543608591e-05,0.03553270921111107,0.31479310989379883,0.9398230910301208,0.12775686383247375,3.7655088817700744e-05,0.0,0.0,3.423189809836913e-06,0.0010474961018189788,0.0015438585542142391,0.00033204941428266466,3.423189809836913e-06,0.0,0.0,0.0,0.0,0.0,0.0,0.0,0.0,0.0,0.0,0.0,0.0,0.0,0.0,0.0,0.0,0.0,0.0,0.0,0.0,0.0,0.0,0.0,0.0,0.0,330.1955855376908,0.021525866627286745,0.08367254954283723,0.36463078355585415,50.341758728027344
dataset_images/Leather10.jpg,Leather,0.3466338515281677,0.0,0.0,0.2107851207256317,0.0,0.0,0.1325623095035553,0.0,0.0,0.0,0.06689027696847916,0.0,0.0,0.0417037196457386,0.0,0.0,0.0,0.032326050102710724,0.0,0.0,0.026263145729899406,0.0,0.0,0.0,0.02705642208456993,0.0,0.0,0.024251621216535568,0.0,0.0,0.0,0.02682977169752121,0.0,0.0,0.018755342811346054,0.0,0.0,0.0,0.025384873151779175,0.0,0.0,0.024308282881975174,0.0,0.0,0.0,0.043120287358760834,0.0,0.0,0.10570420324802399,0.0,0.0,0.0,0.219312846660614,0.0,0.0,0.40442976355552673,0.0,0.0,1.694270372390747,0.0,0.0,0.0,0.0,0.0,0.0,0.0,0.0,0.0,0.0,1.4527347957482561e-05,0.00014527348685078323,0.00020338286412879825,0.0005665665958076715,0.0010169143788516521,0.00014527348685078323,0.0,0.0,0.00010169143206439912,0.0006101485923863947,0.01554426271468401,0.023418085649609566,0.004852134268730879,2.9054695914965123e-05,0.0,1.4527347957482561e-05,0.00013074613525532186,0.0023243757896125317,0.013989835977554321,0.0018304458353668451,2.9054695914965123e-05,0.0,0.0,0.0,2.9054695914965123e-05,0.00013074613525532186,0.00010169143206439912,0.0,0.0,0.0,0.0,0.0,0.0,1.4527347957482561e-05,0.0,0.0,0.0,0.0,0.0,0.0,0.0,0.0,0.0,0.0,0.0,0.0,0.0,0.0,0.0,0.0,0.0,0.0,0.0,0.0,518.4540728612362,0.01737810767597533,0.06256067346313375,0.23402924750751875,64.98440551757812
dataset_images/Leather11.jpg,Leather,0.26760485768318176,0.0,0.0,0.14476852118968964,0.0,0.0,0.15505173802375793,0.0,0.0,0.0,0.11675744503736496,0.0,0.0,0.09147784858942032,0.0,0.0,0.0,0.08963008224964142,0.0,0.0,0.10202886909246445,0.0,0.0,0.0,0.1256481409072876,0.0,0.0,0.13253040611743927,0.0,0.0,0.0,0.11857843399047852,0.0,0.0,0.08036447316408157,0.0,0.0,0.0,0.07728485763072968,0.0,0.0,0.07661537826061249,0.0,0.0,0.0,0.11174973100423813,0.0,0.0,0.15673883259296417,0.0,0.0,0.0,0.1467769593000412,0.0,0.0,0.2872608006000519,0.0,0.0,1.189720869064331,0.0,0.0,0.0,0.0,0.0,0.0,0.0,0.0,0.0,0.0,0.0,0.0,0.0,0.0,0.0,0.0,0.0,0.0004104436084162444,0.002992266323417425,0.02748648263514042,0.07816964387893677,0.01839052140712738,2.648023291840218e-05,0.0,0.0,0.002979026176035404,0.13367222249507904,0.888530969619751,0.42085033655166626,0.012591350823640823,0.0,0.0,0.0,0.0018006558530032635,0.056071892380714417,0.07071546465158463,0.0002780424547381699,0.0,0.0,0.0,0.0,0.00018536162679083645,0.0007414465071633458,0.0,0.0,0.0,0.0,0.0,0.0,2.648023291840218e-05,0.0,0.0,0.0,0.0,0.0,0.0,0.0,0.0,0.0,0.0,0.0,0.0,0.0,0.0,132.19851439182918,0.02193848625163459,0.1138429648905698,0.7626532284534522,45.30381774902344
dataset_images/Leather12.jpg,Leather,0.4035882353782654,0.0,0.0,0.18487170338630676,0.0,0.0,0.1549524962902069,0.0,0.0,0.0,0.08631739020347595,0.0,0.0,0.045721929520368576,0.0,0.0,0.0,0.03329874947667122,0.0,0.0,0.031175069510936737,0.0,0.0,0.0,0.032964322715997696,0.0,0.0,0.03399159014225006,0.0,0.0,0.0,0.035934653133153915,0.0,0.0,0.029426736757159233,0.0,0.0,0.0,0.03261014074087143,0.0,0.0,0.04047693312168121,0.0,0.0,0.0,0.06649025529623032,0.0,0.0,0.13808299601078033,0.0,0.0,0.0,0.2075040638446808,0.0,0.0,0.43706902861595154,0.0,0.0,1.476111888885498,0.07692178338766098,0.06643098592758179,0.03926951438188553,0.016364771872758865,0.005126656033098698,0.000857024104334414,5.808145215269178e-05,0.0,0.0033829219173640013,0.00804750807583332,0.0008028147276490927,0.0002645932836458087,6.195354944793507e-05,1.2906989468319807e-06,0.0,0.0,0.001372013008221984,0.00017940715770237148,1.2906989468319807e-05,0.0,0.0,0.0,0.0,0.0,0.00036268640542402864,1.2906989468319807e-06,0.0,0.0,0.0,0.0,0.0,0.0,0.00016262807184830308,0.0,0.0,0.0,0.0,0.0,0.0,0.0,5.420935485744849e-05,0.0,0.0,0.0,0.0,0.0,0.0,0.0,2.8395377739798278e-05,0.0,0.0,0.0,0.0,0.0,0.0,0.0,0.00020780252816621214,0.0,0.0,0.0,0.0,0.0,0.0,0.0,442.80022324924465,0.017431953126977713,0.10978996874537061,0.8399207307897302,63.73413848876953
dataset_images/Leather13.jpg,Leather,0.2738979756832123,0.0,0.0,0.16905727982521057,0.0,0.0,0.1672362983226776,0.0,0.0,0.0,0.08874636888504028,0.0,0.0,0.05709331855177879,0.0,0.0,0.0,0.05527232959866524,0.0,0.0,0.055647239089012146,0.0,0.0,0.0,0.06397558003664017,0.0,0.0,0.06753721833229065,0.0,0.0,0.0,0.0597444623708725,0.0,0.0,0.039419025182724,0.0,0.0,0.0,0.03826751932501793,0.0,0.0,0.033313363790512085,0.0,0.0,0.0,0.037303466349840164,0.0,0.0,0.0640559196472168,0.0,0.0,0.0,0.13344089686870575,0.0,0.0,0.6962599754333496,0.0,0.0,1.3703199625015259,0.9773234724998474,0.18857020139694214,0.0808437168598175,0.04374878108501434,0.02554583176970482,0.012793484143912792,0.003753715194761753,0.00024681963259354234,0.0,0.0,0.0,0.0,0.0,0.0,0.0,0.0,0.0,0.0,0.0,0.0,0.0,0.0,0.0,0.0,0.0,0.0,0.0,0.0,0.0,0.0,0.0,0.0,0.0,0.0,0.0,0.0,0.0,0.0,0.0,0.0,0.0,0.0,0.0,0.0,0.0,0.0,0.0,0.0,0.0,0.0,0.0,0.0,0.0,0.0,0.0,0.0,0.0,0.0,0.0,0.0,0.0,0.0,0.0,0.0,716.2529247910866,0.06299578993872582,0.1613284970709271,0.7285462676909099,53.47129440307617
dataset_images/Leather14.jpg,Leather,0.3659955561161041,0.0,0.0,0.21243581175804138,0.0,0.0,0.10363562405109406,0.0,0.0,0.0,0.04338235408067703,0.0,0.0,0.02527194283902645,0.0,0.0,0.0,0.02465219423174858,0.0,0.0,0.028370682150125504,0.0,0.0,0.0,0.03312208130955696,0.0,0.0,0.0394572839140892,0.0,0.0,0.0,0.050475023686885834,0.0,0.0,0.023550420999526978,0.0,0.0,0.0,0.030229926109313965,0.0,0.0,0.02203548140823841,0.0,0.0,0.0,0.036358542740345,0.0,0.0,0.07574696838855743,0.0,0.0,0.0,0.22620798647403717,0.0,0.0,0.510327935218811,0.0,0.0,1.6193324327468872,0.8482266068458557,0.3288867473602295,0.1183859258890152,0.0685042142868042,0.03971534222364426,0.023658182471990585,0.009833822958171368,0.0027078641578555107,0.0,0.0,0.0,0.0,0.0,0.0,0.0,0.0,0.0,0.0,0.0,0.0,0.0,0.0,0.0,0.0,0.0,0.0,0.0,0.0,0.0,0.0,0.0,0.0,0.0,0.0,0.0,0.0,0.0,0.0,0.0,0.0,0.0,0.0,0.0,0.0,0.0,0.0,0.0,0.0,0.0,0.0,0.0,0.0,0.0,0.0,0.0,0.0,0.0,0.0,0.0,0.0,0.0,0.0,0.0,0.0,2161.592152412804,0.01644416516873677,0.09933301018126262,0.5457192571810746,62.17142868041992
dataset_images/Leather15.jpg,Leather,0.18070004880428314,0.0,0.0,0.08601061999797821,0.0,0.0,0.08590017259120941,0.0,0.0,0.0,0.0968705266714096,0.0,0.0,0.09379758685827255,0.0,0.0,0.0,0.10783291608095169,0.0,0.0,0.12725505232810974,0.0,0.0,0.0,0.19297312200069427,0.0,0.0,0.23615144193172455,0.0,0.0,0.0,0.24616754055023193,0.0,0.0,0.16781660914421082,0.0,0.0,0.0,0.13657328486442566,0.0,0.0,0.0987875908613205,0.0,0.0,0.0,0.12400466948747635,0.0,0.0,0.144813671708107,0.0,0.0,0.0,0.11384539306163788,0.0,0.0,0.4173024594783783,0.0,0.0,0.8137854933738708,0.9877375364303589,0.1488686501979828,0.03523741662502289,0.022477958351373672,0.016282547265291214,0.01176347304135561,0.007595111150294542,0.0021194801665842533,0.0,0.0,0.0,0.0,0.0,0.0,0.0,0.0,0.0,0.0,0.0,0.0,0.0,0.0,0.0,0.0,0.0,0.0,0.0,0.0,0.0,0.0,0.0,0.0,0.0,0.0,0.0,0.0,0.0,0.0,0.0,0.0,0.0,0.0,0.0,0.0,0.0,0.0,0.0,0.0,0.0,0.0,0.0,0.0,0.0,0.0,0.0,0.0,0.0,0.0,0.0,0.0,0.0,0.0,0.0,0.0,362.5844112512124,0.13221442417945067,0.4259012290499951,0.8005320347400082,17.684091567993164
dataset_images/Leather16.jpg,Leather,0.1756998598575592,0.0,0.0,0.0979413166642189,0.0,0.0,0.10490089654922485,0.0,0.0,0.0,0.0998050644993782,0.0,0.0,0.10152726620435715,0.0,0.0,0.0,0.12382151186466217,0.0,0.0,0.17028553783893585,0.0,0.0,0.0,0.24034136533737183,0.0,0.0,0.26652824878692627,0.0,0.0,0.0,0.21282154321670532,0.0,0.0,0.1421169489622116,0.0,0.0,0.0,0.10934794694185257,0.0,0.0,0.09407225996255875,0.0,0.0,0.0,0.1014329046010971,0.0,0.0,0.11589466780424118,0.0,0.0,0.0,0.10889970511198044,0.0,0.0,0.2177640199661255,0.0,0.0,0.9873871803283691,0.7621006965637207,0.6356766819953918,0.1229296550154686,0.002427946077659726,0.0,0.0,0.0,0.0,0.0,0.0,0.0,0.0,0.0,0.0,0.0,0.0,0.0,0.0,0.0,0.0,0.0,0.0,0.0,0.0,0.0,0.0,0.0,0.0,0.0,0.0,0.0,0.0,0.0,0.0,0.0,0.0,0.0,0.0,0.0,0.0,0.0,0.0,0.0,0.0,0.0,0.0,0.0,0.0,0.0,0.0,0.0,0.0,0.0,0.0,0.0,0.0,0.0,0.0,0.0,0.0,0.0,0.0,0.0,0.0,43.086876595744684,0.030961714479545568,0.2273799181466985,0.9363320062287638,3.2761199474334717
dataset_images/Leather17.jpg,Leather,0.15854305028915405,0.0,0.0,0.09927336126565933,0.0,0.0,0.11619683355093002,0.0,0.0,0.0,0.10820811241865158,0.0,0.0,0.09798195213079453,0.0,0.0,0.0,0.10907906293869019,0.0,0.0,0.13673925399780273,0.0,0.0,0.0,0.18231399357318878,0.0,0.0,0.18175838887691498,0.0,0.0,0.0,0.15330232679843903,0.0,0.0,0.09454319626092911,0.0,0.0,0.0,0.08455729484558105,0.0,0.0,0.06147710233926773,0.0,0.0,0.0,0.06838463991880417,0.0,0.0,0.0931616872549057,0.0,0.0,0.0,0.1295313835144043,0.0,0.0,0.6197264194488525,0.0,0.0,0.9758101105690002,0.6528505682945251,0.08584476262331009,0.03636816889047623,0.017499973997473717,0.003332277527078986,5.517015961231664e-05,0.0,0.0,0.0003310209431219846,1.1034031558665447e-05,0.0,0.0,0.0,0.0,0.0,0.0,8.827225246932358e-05,0.0,0.0,0.0,0.0,0.0,0.0,0.0,4.413612623466179e-05,0.0,0.0,0.0,0.0,0.0,0.0,0.0,1.1034031558665447e-05,0.0,0.0,0.0,0.0,0.0,0.0,0.0,1.1034031558665447e-05,0.0,0.0,0.0,0.0,0.0,0.0,0.0,0.0,0.0,0.0,0.0,0.0,0.0,0.0,0.0,0.0014013219624757767,0.0,0.0,0.0,0.0,0.0,0.0,0.0,164.97958590407757,0.09941238776978695,0.2882545092470372,0.8917208869165616,39.887332916259766
dataset_images/Leather18.jpeg,Leather,0.11331470310688019,0.0,0.0,0.05154908075928688,0.0,0.0,0.06140771880745888,0.0,0.0,0.0,0.0764288604259491,0.0,0.0,0.09981194883584976,0.0,0.0,0.0,0.16564467549324036,0.0,0.0,0.3049779534339905,0.0,0.0,0.0,0.5406851172447205,0.0,0.0,0.5082459449768066,0.0,0.0,0.0,0.24309301376342773,0.0,0.0,0.1484435647726059,0.0,0.0,0.0,0.11362922936677933,0.0,0.0,0.09345643222332001,0.0,0.0,0.0,0.08446544408798218,0.0,0.0,0.08289282768964767,0.0,0.0,0.0,0.07870643585920334,0.0,0.0,0.16170771420001984,0.0,0.0,0.5421275496482849,0.12647797167301178,0.31741368770599365,0.29382047057151794,0.19929111003875732,0.1870904117822647,0.19480709731578827,0.14798560738563538,0.11611519753932953,0.36023345589637756,0.48758476972579956,0.2838226556777954,0.19969519972801208,0.12134220451116562,0.06848554313182831,0.03117956407368183,0.005292183253914118,0.3190430700778961,0.07784462720155716,0.011966070160269737,0.0025027072988450527,0.0004301528388168663,0.0007429912802763283,0.0,0.0,0.1265692114830017,0.010636506602168083,0.00010427947563584894,0.0,0.0,0.0,0.0,0.0,0.07732322812080383,0.0018248908454552293,0.0,0.0,0.0,0.0,0.0,0.0,0.029224323108792305,0.00018248907872475684,0.0,0.0,0.0,0.0,0.0,0.0,0.01488589495420456,2.6069868908962235e-05,0.0,0.0,0.0,0.0,0.0,0.0,0.059778209775686264,0.0,0.0,0.0,0.0,0.0,0.0,0.0,235.29206195244052,0.017260797607010468,0.16964049768949266,0.9683346376717433,34.76128005981445
dataset_images/Leather19.jpg,Leather,0.23326824605464935,0.0,0.0,0.11904020607471466,0.0,0.0,0.1414969563484192,0.0,0.0,0.0,0.1250675618648529,0.0,0.0,0.10056928545236588,0.0,0.0,0.0,0.09954852610826492,0.0,0.0,0.11860273778438568,0.0,0.0,0.0,0.17338359355926514,0.0,0.0,0.176591694355011,0.0,0.0,0.0,0.19000741839408875,0.0,0.0,0.10212473571300507,0.0,0.0,0.0,0.1062563881278038,0.0,0.0,0.07830697298049927,0.0,0.0,0.0,0.0987221971154213,0.0,0.0,0.14543417096138,0.0,0.0,0.0,0.14582303166389465,0.0,0.0,0.3245048522949219,0.0,0.0,0.9918396472930908,0.5343499779701233,0.05570333078503609,0.08010942488908768,0.05642115697264671,0.02117587812244892,0.005240132566541433,0.00021534791449084878,0.0,0.13050083816051483,0.20048891007900238,0.11104774475097656,0.05362163111567497,0.019022399559617043,0.012274831533432007,0.0028713056817650795,0.0,0.13487958908081055,0.19051112234592438,0.025698184967041016,0.00976243894547224,0.006388654932379723,0.0010767396306619048,0.00014356528117787093,0.0,0.044074542820453644,0.042136408388614655,0.0022252618800848722,0.0006460437434725463,0.00014356528117787093,0.0,0.0,0.0,0.017730312421917915,0.0038044799584895372,0.0,0.0,0.0,0.0,0.0,0.0,0.007537177298218012,0.00021534791449084878,0.0,0.0,0.0,0.0,0.0,0.0,0.0025841749738901854,0.0,0.0,0.0,0.0,0.0,0.0,0.0,0.005742611363530159,0.0,0.0,0.0,0.0,0.0,0.0,0.0,137.7033848314607,0.034037916277414364,0.26399827599890263,0.9559916853752143,41.00714111328125
dataset_images/Leather20.jpg,Leather,0.14226050674915314,0.0,0.0,0.06332249194383621,0.0,0.0,0.0888017937541008,0.0,0.0,0.0,0.11037823557853699,0.0,0.0,0.1289045661687851,0.0,0.0,0.0,0.16339416801929474,0.0,0.0,0.22076986730098724,0.0,0.0,0.0,0.3169202506542206,0.0,0.0,0.37404894828796387,0.0,0.0,0.0,0.3095673620700836,0.0,0.0,0.2064015418291092,0.0,0.0,0.0,0.15015023946762085,0.0,0.0,0.12810710072517395,0.0,0.0,0.0,0.1267809271812439,0.0,0.0,0.11312845349311829,0.0,0.0,0.0,0.07386311888694763,0.0,0.0,0.15372520685195923,0.0,0.0,0.6000634431838989,0.11069095879793167,0.5753045082092285,0.34888145327568054,0.008079545572400093,7.318278676393675e-06,4.823411018151091e-06,1.1642715662674163e-06,8.31622571695334e-07,0.0486287958920002,0.1403793841600418,0.0030286030378192663,3.1934305297909304e-05,2.3285431325348327e-06,4.989735202798329e-07,1.6632451149689587e-07,0.0,0.0015494792023673654,6.736142677254975e-05,1.862834506027866e-05,4.9897353164851665e-06,6.652980459875835e-07,1.6632451149689587e-07,0.0,0.0,2.162218606827082e-06,8.149901077558752e-06,2.993841235365835e-06,2.8275167096580844e-06,1.8295696690984187e-06,1.4969206176829175e-06,0.0,0.0,0.0,9.979470405596658e-07,1.1642715662674163e-06,0.0,0.0,0.0,0.0,0.0,0.0,0.0,0.0,0.0,0.0,0.0,0.0,0.0,0.0,0.0,0.0,0.0,0.0,0.0,0.0,0.0,0.0,0.0,0.0,0.0,0.0,0.0,0.0,0.0,21.081440121359808,0.03289369134487489,0.2574443975356837,0.961751189753706,0.5521036386489868
dataset_images/Leather21.jpg,Leather,0.3071320950984955,0.0,0.0,0.1367276906967163,0.0,0.0,0.14766648411750793,0.0,0.0,0.0,0.12407419085502625,0.0,0.0,0.10165981948375702,0.0,0.0,0.0,0.09192075580358505,0.0,0.0,0.08695268630981445,0.0,0.0,0.0,0.08434829860925674,0.0,0.0,0.08190961182117462,0.0,0.0,0.0,0.08181829005479813,0.0,0.0,0.0814853236079216,0.0,0.0,0.0,0.08633273094892502,0.0,0.0,0.09766097366809845,0.0,0.0,0.0,0.12545859813690186,0.0,0.0,0.15590642392635345,0.0,0.0,0.0,0.1399446427822113,0.0,0.0,0.32188016176223755,0.0,0.0,1.2177094221115112,0.0,3.4138608953071525e-06,2.731088716245722e-05,0.00013292032235767692,0.0002562598092481494,0.0003027323691640049,0.00017586890317033976,7.312269735848531e-05,0.0,7.036958413664252e-05,0.0020341104827821255,0.021363060921430588,0.06608045101165771,0.04889177531003952,0.00577261857688427,0.0002518548280932009,1.1012454592673748e-07,0.0006828823243267834,0.03345781937241554,0.36248573660850525,0.69987553358078,0.12012814730405807,0.004783259704709053,5.1868661103071645e-05,1.1012454592673748e-07,0.002384637016803026,0.09220684319734573,0.47937577962875366,0.3332468867301941,0.0183770339936018,0.0004312477249186486,4.184732915746281e-06,3.3037363778021245e-07,0.0022321143187582493,0.04064454883337021,0.065568707883358,0.014732901938259602,0.0007120653172023594,5.726476501877187e-06,0.0,2.2024909185347497e-07,0.0011694125132635236,0.008104396052658558,0.0028050923720002174,0.00034898470039479434,5.175853857508628e-06,0.0,0.0,3.3037363778021245e-07,0.00032464717514812946,0.0010314264800399542,0.00011596114927669987,2.312615379196359e-06,0.0,0.0,0.0,2.2024909185347497e-07,7.367332000285387e-05,9.712985047372058e-05,4.515106411417946e-06,1.1012454592673748e-07,0.0,0.0,0.0,170.71152702111192,0.01920083211178999,0.12245380201621521,0.8224092941920577,39.20363235473633
dataset_images/Leather22.jpg,Leather,0.259395033121109,0.0,0.0,0.2396906465291977,0.0,0.0,0.12704499065876007,0.0,0.0,0.0,0.06992986798286438,0.0,0.0,0.05146562680602074,0.0,0.0,0.0,0.05587499588727951,0.0,0.0,0.05711513012647629,0.0,0.0,0.0,0.06765628606081009,0.0,0.0,0.06503821909427643,0.0,0.0,0.0,0.05807968229055405,0.0,0.0,0.033965934067964554,0.0,0.0,0.0,0.03679068759083748,0.0,0.0,0.03582613915205002,0.0,0.0,0.0,0.049329835921525955,0.0,0.0,0.0944569930434227,0.0,0.0,0.0,0.1960103064775467,0.0,0.0,0.4345986247062683,0.0,0.0,1.5383192300796509,0.88567054271698,0.4460914134979248,0.0980253741145134,0.013737817294895649,0.0004341522289905697,0.0,0.0,0.0,0.07954289019107819,0.0,0.0,0.0,0.0,0.0,0.0,0.0,0.019071687012910843,0.0,0.0,0.0,0.0,0.0,0.0,0.0,0.004806685261428356,0.0,0.0,0.0,0.0,0.0,0.0,0.0,0.004713652655482292,0.0,0.0,0.0,0.0,0.0,0.0,0.0,0.003349174279719591,0.0,0.0,0.0,0.0,0.0,0.0,0.0,0.0,0.0,0.0,0.0,0.0,0.0,0.0,0.0,0.006698348559439182,0.0,0.0,0.0,0.0,0.0,0.0,0.0,473.53813052832896,0.023876809661125268,0.11931992914448561,0.5115556207177363,47.90804672241211
dataset_images/Leather23.jpg,Leather,0.2528201937675476,0.0,0.0,0.1590988039970398,0.0,0.0,0.08454925566911697,0.0,0.0,0.0,0.050964027643203735,0.0,0.0,0.03337833657860756,0.0,0.0,0.0,0.049377866089344025,0.0,0.0,0.07730808854103088,0.0,0.0,0.0,0.11868618428707123,0.0,0.0,0.15758159756660461,0.0,0.0,0.0,0.18578767776489258,0.0,0.0,0.07275649160146713,0.0,0.0,0.0,0.0965489000082016,0.0,0.0,0.053998421877622604,0.0,0.0,0.0,0.06117062643170357,0.0,0.0,0.08372168987989426,0.0,0.0,0.0,0.17509832978248596,0.0,0.0,0.44757312536239624,0.0,0.0,1.3101686239242554,0.9429818391799927,0.2906563878059387,0.1121305450797081,0.05776728317141533,0.030669910833239555,0.012773512862622738,0.004651041701436043,0.000438141607446596,0.0026625527534633875,0.0,0.0,0.0,0.0,0.0,0.0,0.0,0.000505547970533371,0.0,0.0,0.0,0.0,0.0,0.0,0.0,0.00010110960283782333,0.0,0.0,0.0,0.0,0.0,0.0,0.0,0.00016851599502842873,0.0,0.0,0.0,0.0,0.0,0.0,0.0,0.0,0.0,0.0,0.0,0.0,0.0,0.0,0.0,0.0,0.0,0.0,0.0,0.0,0.0,0.0,0.0,6.740639946656302e-05,0.0,0.0,0.0,0.0,0.0,0.0,0.0,883.7432367632367,0.046475643826378324,0.25757133305742075,0.7025856645316862,37.21251678466797
dataset_images/Leather24.jpg,Leather,0.16040439903736115,0.0,0.0,0.1007244884967804,0.0,0.0,0.10083170980215073,0.0,0.0,0.0,0.101216159760952,0.0,0.0,0.10551512986421585,0.0,0.0,0.0,0.1338805854320526,0.0,0.0,0.17119605839252472,0.0,0.0,0.0,0.2108272910118103,0.0,0.0,0.2201411873102188,0.0,0.0,0.0,0.20324614644050598,0.0,0.0,0.16238442063331604,0.0,0.0,0.0,0.12904517352581024,0.0,0.0,0.10763473808765411,0.0,0.0,0.0,0.10971775650978088,0.0,0.0,0.11626427620649338,0.0,0.0,0.0,0.10435421764850616,0.0,0.0,0.20857973396778107,0.0,0.0,1.0246248245239258,2.2043042235964094e-07,1.1021521117982047e-07,4.8494694055989385e-06,7.163988811953459e-06,1.0250014383927919e-05,2.3696269636275247e-05,1.7524218492326327e-05,5.510760274773929e-07,0.0,4.408608219819143e-06,0.0002637449942994863,0.0013388943625614047,0.0035122281406074762,0.0032776901498436928,0.003909443970769644,0.0005634201806969941,1.1021521117982047e-07,8.66291593411006e-05,0.003466378664597869,0.01262680534273386,0.013754197396337986,0.030346546322107315,0.0999886691570282,0.0009363884455524385,1.1021520549547859e-06,0.0006919311126694083,0.012812077067792416,0.027042845264077187,0.1197342798113823,0.595675528049469,0.05473056063055992,3.306456335394614e-07,5.069899543741485e-06,0.002690353197976947,0.017998473718762398,0.09028851985931396,0.6790812015533447,0.2128666788339615,2.678229611774441e-05,0.0,2.656186552485451e-05,0.0054325079545378685,0.017377521842718124,0.2697531580924988,0.15475714206695557,0.00014283890777733177,0.0,0.0,0.00011032542533939704,0.006374076474457979,0.018054353073239326,0.05659859627485275,0.0005197749123908579,0.0,0.0,0.0,0.001484157983213663,0.006472608540207148,0.0035891584120690823,0.000492992636281997,0.0,0.0,0.0,0.0,25.335155219220805,0.02575435799304847,0.2774128335584271,0.9854365422620864,2.3863697052001953
dataset_images/Leather25.jpg,Leather,0.11573214828968048,0.0,0.0,0.07775108516216278,0.0,0.0,0.08786560595035553,0.0,0.0,0.0,0.0752052515745163,0.0,0.0,0.06976955384016037,0.0,0.0,0.0,0.10396627336740494,0.0,0.0,0.1623827964067459,0.0,0.0,0.0,0.35841184854507446,0.0,0.0,0.5657939314842224,0.0,0.0,0.0,0.4099477529525757,0.0,0.0,0.1681625247001648,0.0,0.0,0.0,0.11222302913665771,0.0,0.0,0.07568689435720444,0.0,0.0,0.0,0.0752052515745163,0.0,0.0,0.07183374464511871,0.0,0.0,0.0,0.06743014603853226,0.0,0.0,0.2335972785949707,0.0,0.0,0.6396231055259705,0.31624868512153625,0.006349788513034582,0.0,0.0,0.0,0.0,0.0,0.0,0.01175075862556696,0.0011677772272378206,0.0,0.0,0.0,0.0,0.0,0.0,0.009050273336470127,0.0003649303689599037,0.0,0.0,0.0,0.0,0.0,0.0,0.006422774866223335,0.0,0.0,0.0,0.0,0.0,0.0,0.0,0.00664173299446702,0.0,0.0,0.0,0.0,0.0,0.0,0.0,0.006130830384790897,0.0,0.0,0.0,0.0,0.0,0.0,0.0,0.0022625683341175318,0.0,0.0,0.0,0.0,0.0,0.0,0.0,0.03868262097239494,0.0,0.0,0.0,0.0,0.0,0.0,0.0,96.6700258397933,0.038948746147803574,0.33804289796801973,0.9802409416647623,20.823652267456055
dataset_images/Leather26.jpg,Leather,0.30395951867103577,0.0,0.0,0.13804714381694794,0.0,0.0,0.1371973156929016,0.0,0.0,0.0,0.10742520540952682,0.0,0.0,0.08118876814842224,0.0,0.0,0.0,0.07725480198860168,0.0,0.0,0.07913195341825485,0.0,0.0,0.0,0.08564580231904984,0.0,0.0,0.08495935797691345,0.0,0.0,0.0,0.08525103330612183,0.0,0.0,0.07568225264549255,0.0,0.0,0.0,0.08009009063243866,0.0,0.0,0.08302797377109528,0.0,0.0,0.0,0.1120009571313858,0.0,0.0,0.1472020000219345,0.0,0.0,0.0,0.1390531361103058,0.0,0.0,0.40862616896629333,0.0,0.0,1.2448447942733765,0.43285438418388367,0.11270828545093536,0.06917217373847961,0.034271396696567535,0.029483269900083542,0.03359894081950188,0.04166505113244057,0.02023192122578621,0.05297163873910904,0.13929417729377747,0.05488428846001625,0.02792671136558056,0.026131026446819305,0.027223067358136177,0.016678422689437866,0.052350424230098724,0.07377352565526962,0.08381430059671402,0.03248982131481171,0.017791258171200752,0.020679356530308723,0.20306889712810516,0.10862306505441666,0.12383516132831573,0.054421257227659225,0.048453085124492645,0.03858015313744545,0.04098553955554962,0.06965711712837219,0.29942959547042847,0.22054415941238403,0.16228646039962769,0.07264026999473572,0.037543438374996185,0.049291517585515976,0.039539635181427,0.05467338114976883,0.1371130645275116,0.25606614351272583,0.042239848524332047,0.08049249649047852,0.028298400342464447,0.03770161792635918,0.026321139186620712,0.03364647179841995,0.044638924300670624,0.018271369859576225,0.0010408001253381371,0.025055693462491035,0.015521399676799774,0.01349067036062479,0.006505464669317007,0.003295805072411895,0.0007957312045618892,0.0001006267630145885,4.047349648317322e-05,0.1275835931301117,0.0059444052167236805,0.0017912306357175112,0.00028331446810625494,3.898822978953831e-05,8.540278940927237e-06,7.426329489135242e-07,7.426329489135242e-07,37.243883435252684,0.031642023130433905,0.27763264066954674,0.996418131349571,3.262214422225952
dataset_images/Cotton13.jpg,Cotton,0.13858753442764282,0.0,0.0,0.08154494315385818,0.0,0.0,0.10128564387559891,0.0,0.0,0.0,0.10831011831760406,0.0,0.0,0.10582517832517624,0.0,0.0,0.0,0.13399246335029602,0.0,0.0,0.18246965110301971,0.0,0.0,0.0,0.2637091875076294,0.0,0.0,0.3030795156955719,0.0,0.0,0.0,0.32354211807250977,0.0,0.0,0.19209012389183044,0.0,0.0,0.0,0.17751364409923553,0.0,0.0,0.14552870392799377,0.0,0.0,0.0,0.13256259262561798,0.0,0.0,0.11265529692173004,0.0,0.0,0.0,0.07109153270721436,0.0,0.0,0.21573176980018616,0.0,0.0,0.6810682415962219,0.0,0.0,4.0050861571216956e-05,0.0015753338811919093,0.06132454425096512,0.4489835202693939,0.8852775692939758,0.0776185691356659,0.0,6.675143595202826e-06,0.0001869040133897215,0.009705659002065659,0.050137002021074295,0.037601083517074585,0.0034376990515738726,0.0,0.0,0.0,0.00042053405195474625,0.011234266683459282,0.007002225611358881,2.0025430785608478e-05,0.0,0.0,0.0,0.0,0.0004338843282312155,0.002309599658474326,0.0,0.0,0.0,0.0,0.0,0.0,0.0,0.0,0.0,0.0,0.0,0.0,0.0,0.0,0.0,0.0,0.0,0.0,0.0,0.0,0.0,0.0,0.0,0.0,0.0,0.0,0.0,0.0,0.0,0.0,0.0,0.0,0.0,0.0,0.0,0.0,23.35967935871744,0.03894427484943092,0.37763916167476586,0.9797367773688951,2.948820114135742
dataset_images/Cotton14.jpg,Cotton,0.13858753442764282,0.0,0.0,0.08165600150823593,0.0,0.0,0.10111905634403229,0.0,0.0,0.0,0.10840729624032974,0.0,0.0,0.10590846836566925,0.0,0.0,0.0,0.13372871279716492,0.0,0.0,0.18198376893997192,0.0,0.0,0.0,0.26425057649612427,0.0,0.0,0.3028573989868164,0.0,0.0,0.0,0.3239169418811798,0.0,0.0,0.19179858267307281,0.0,0.0,0.0,0.17769411206245422,0.0,0.0,0.14545929431915283,0.0,0.0,0.0,0.13257646560668945,0.0,0.0,0.11266917735338211,0.0,0.0,0.0,0.07118870317935944,0.0,0.0,0.21573176980018616,0.0,0.0,0.6810543537139893,0.0,0.0,4.0050861571216956e-05,0.0015753338811919093,0.06132454425096512,0.4489835202693939,0.8852775692939758,0.0776185691356659,0.0,6.675143595202826e-06,0.0001869040133897215,0.009705659002065659,0.050137002021074295,0.037601083517074585,0.0034376990515738726,0.0,0.0,0.0,0.00042053405195474625,0.011234266683459282,0.007002225611358881,2.0025430785608478e-05,0.0,0.0,0.0,0.0,0.0004338843282312155,0.002309599658474326,0.0,0.0,0.0,0.0,0.0,0.0,0.0,0.0,0.0,0.0,0.0,0.0,0.0,0.0,0.0,0.0,0.0,0.0,0.0,0.0,0.0,0.0,0.0,0.0,0.0,0.0,0.0,0.0,0.0,0.0,0.0,0.0,0.0,0.0,0.0,0.0,15.782332665330664,0.04313555095651688,0.4288653693957196,0.9863021840046112,2.9498400688171387
dataset_images/Cotton15.jpg,Cotton,0.13862918317317963,0.0,0.0,0.08155882358551025,0.0,0.0,0.10136894136667252,0.0,0.0,0.0,0.10818517953157425,0.0,0.0,0.10558917373418808,0.0,0.0,0.0,0.13424235582351685,0.0,0.0,0.1815534085035324,0.0,0.0,0.0,0.26425057649612427,0.0,0.0,0.30341270565986633,0.0,0.0,0.0,0.3240974247455597,0.0,0.0,0.19156259298324585,0.0,0.0,0.0,0.17762470245361328,0.0,0.0,0.1452094167470932,0.0,0.0,0.0,0.13271529972553253,0.0,0.0,0.11268305778503418,0.0,0.0,0.0,0.07106376439332962,0.0,0.0,0.21573176980018616,0.0,0.0,0.6811099052429199,0.0,0.0,4.0050861571216956e-05,0.0015753338811919093,0.06132454425096512,0.4489835202693939,0.8852775692939758,0.0776185691356659,0.0,6.675143595202826e-06,0.0001869040133897215,0.009705659002065659,0.050137002021074295,0.037601083517074585,0.0034376990515738726,0.0,0.0,0.0,0.00042053405195474625,0.011234266683459282,0.007002225611358881,2.0025430785608478e-05,0.0,0.0,0.0,0.0,0.0004338843282312155,0.002309599658474326,0.0,0.0,0.0,0.0,0.0,0.0,0.0,0.0,0.0,0.0,0.0,0.0,0.0,0.0,0.0,0.0,0.0,0.0,0.0,0.0,0.0,0.0,0.0,0.0,0.0,0.0,0.0,0.0,0.0,0.0,0.0,0.0,0.0,0.0,0.0,0.0,23.35967935871744,0.03894427484943092,0.37763916167476586,0.9797367773688951,2.9518799781799316
dataset_images/Cotton16.jpg,Cotton,0.09801347553730011,0.0,0.0,0.06367228925228119,0.0,0.0,0.05943942815065384,0.0,0.0,0.0,0.05482393503189087,0.0,0.0,0.05616314709186554,0.0,0.0,0.0,0.10261701047420502,0.0,0.0,0.18060211837291718,0.0,0.0,0.0,0.37167876958847046,0.0,0.0,0.5444369316101074,0.0,0.0,0.0,0.47868409752845764,0.0,0.0,0.18829062581062317,0.0,0.0,0.0,0.19871732592582703,0.0,0.0,0.09601661562919617,0.0,0.0,0.0,0.08927273750305176,0.0,0.0,0.08343760669231415,0.0,0.0,0.0,0.06906500458717346,0.0,0.0,0.20163489878177643,0.0,0.0,0.5340222120285034,0.0002991334768012166,0.00011965339217567816,0.004264788702130318,0.02460586465895176,0.08988533914089203,0.19829131662845612,0.5864042043685913,0.7579272985458374,0.000521346926689148,0.003016974776983261,0.03285340219736099,0.08480861783027649,0.09504752606153488,0.07018525898456573,0.05265603959560394,0.014554980210959911,0.0012050805380567908,0.010110711678862572,0.027315160259604454,0.017905276268720627,0.017042061313986778,0.019648795947432518,0.014136193320155144,0.006384362932294607,0.003016974776983261,0.01946931704878807,0.023058917373418808,0.013683220371603966,0.015127607621252537,0.011264512315392494,0.005726269446313381,0.0012563606724143028,0.004444268997758627,0.01992228999733925,0.011093579232692719,0.010290191508829594,0.005401495844125748,0.0023417877964675426,0.000546986935660243,0.0,0.004461362026631832,0.008418470621109009,0.00541858933866024,0.0014614807441830635,0.00012820005940739065,7.692004146520048e-05,0.0,0.0,0.002632374642416835,0.003350294893607497,0.0012050805380567908,6.837336695753038e-05,0.0,0.0,0.0,0.0,0.003495588432997465,0.0015640407800674438,0.00011965339217567816,0.0,0.0,0.0,0.0,0.0,150.63538267640405,0.037501847944369775,0.4094368023861256,0.9768615890112136,16.69865608215332
dataset_images/Cotton17.jpg,Cotton,0.09802543371915817,0.0,0.0,0.06367228925228119,0.0,0.0,0.05955900251865387,0.0,0.0,0.0,0.054955463856458664,0.0,0.0,0.056139230728149414,0.0,0.0,0.0,0.10238982737064362,0.0,0.0,0.18183371424674988,0.0,0.0,0.0,0.37226468324661255,0.0,0.0,0.5441380143165588,0.0,0.0,0.0,0.47789493203163147,0.0,0.0,0.18813517689704895,0.0,0.0,0.0,0.19841840863227844,0.0,0.0,0.0957774743437767,0.0,0.0,0.0,0.0892249047756195,0.0,0.0,0.08340173214673996,0.0,0.0,0.0,0.06904108822345734,0.0,0.0,0.20163489878177643,0.0,0.0,0.5340819954872131,0.0002991334768012166,0.00011965339217567816,0.004264788702130318,0.02460586465895176,0.08988533914089203,0.19829131662845612,0.5864042043685913,0.7579272985458374,0.000521346926689148,0.003016974776983261,0.03285340219736099,0.08480861783027649,0.09504752606153488,0.07018525898456573,0.05265603959560394,0.014554980210959911,0.0012050805380567908,0.010110711678862572,0.027315160259604454,0.017905276268720627,0.017042061313986778,0.019648795947432518,0.014136193320155144,0.006384362932294607,0.003016974776983261,0.01946931704878807,0.023058917373418808,0.013683220371603966,0.015127607621252537,0.011264512315392494,0.005726269446313381,0.0012563606724143028,0.004444268997758627,0.01992228999733925,0.011093579232692719,0.010290191508829594,0.005401495844125748,0.0023417877964675426,0.000546986935660243,0.0,0.004461362026631832,0.008418470621109009,0.00541858933866024,0.0014614807441830635,0.00012820005940739065,7.692004146520048e-05,0.0,0.0,0.002632374642416835,0.003350294893607497,0.0012050805380567908,6.837336695753038e-05,0.0,0.0,0.0,0.0,0.003495588432997465,0.0015640407800674438,0.00011965339217567816,0.0,0.0,0.0,0.0,0.0,132.59726017943407,0.03652216581402967,0.3993090579816885,0.9796204666252162,16.701292037963867
dataset_images/Cotton18.jpg,Cotton,0.09801347553730011,0.0,0.0,0.06370816379785538,0.0,0.0,0.05947529897093773,0.0,0.0,0.0,0.0547163188457489,0.0,0.0,0.05623488873243332,0.0,0.0,0.0,0.10260505974292755,0.0,0.0,0.1808532178401947,0.0,0.0,0.0,0.3717385530471802,0.0,0.0,0.5435281991958618,0.0,0.0,0.0,0.47942543029785156,0.0,0.0,0.18814712762832642,0.0,0.0,0.0,0.19866950809955597,0.0,0.0,0.09593291580677032,0.0,0.0,0.0,0.08933252096176147,0.0,0.0,0.08336585760116577,0.0,0.0,0.0,0.0691487044095993,0.0,0.0,0.20163489878177643,0.0,0.0,0.5340580344200134,0.0002991334768012166,0.00011965339217567816,0.004264788702130318,0.02460586465895176,0.08988533914089203,0.19829131662845612,0.5864042043685913,0.7579272985458374,0.000521346926689148,0.003016974776983261,0.03285340219736099,0.08480861783027649,0.09504752606153488,0.07018525898456573,0.05265603959560394,0.014554980210959911,0.0012050805380567908,0.010110711678862572,0.027315160259604454,0.017905276268720627,0.017042061313986778,0.019648795947432518,0.014136193320155144,0.006384362932294607,0.003016974776983261,0.01946931704878807,0.023058917373418808,0.013683220371603966,0.015127607621252537,0.011264512315392494,0.005726269446313381,0.0012563606724143028,0.004444268997758627,0.01992228999733925,0.011093579232692719,0.010290191508829594,0.005401495844125748,0.0023417877964675426,0.000546986935660243,0.0,0.004461362026631832,0.008418470621109009,0.00541858933866024,0.0014614807441830635,0.00012820005940739065,7.692004146520048e-05,0.0,0.0,0.002632374642416835,0.003350294893607497,0.0012050805380567908,6.837336695753038e-05,0.0,0.0,0.0,0.0,0.003495588432997465,0.0015640407800674438,0.00011965339217567816,0.0,0.0,0.0,0.0,0.0,150.63538267640405,0.037501847944369775,0.4094368023861256,0.9768615890112136,16.68547821044922
dataset_images/Cotton19.jpg,Cotton,0.09316447377204895,0.0,0.0,0.07143858820199966,0.0,0.0,0.07064729183912277,0.0,0.0,0.0,0.07635293900966644,0.0,0.0,0.08750046789646149,0.0,0.0,0.0,0.13514471054077148,0.0,0.0,0.20830470323562622,0.0,0.0,0.0,0.3554576337337494,0.0,0.0,0.449940949678421,0.0,0.0,0.0,0.41821977496147156,0.0,0.0,0.24581483006477356,0.0,0.0,0.0,0.17054469883441925,0.0,0.0,0.11949929594993591,0.0,0.0,0.0,0.09888400137424469,0.0,0.0,0.08658423274755478,0.0,0.0,0.0,0.06251223385334015,0.0,0.0,0.14719459414482117,0.0,0.0,0.5733827948570251,0.0,0.00010473807924427092,0.0005760594503954053,0.015422682277858257,0.110655777156353,0.35332080721855164,0.133056640625,0.03237715736031532,3.9276779716601595e-05,0.0008509968756698072,0.012490016408264637,0.2088608294725418,0.5674840211868286,0.41980332136154175,0.014493132010102272,0.0,0.00020947615848854184,0.003692017402499914,0.04615021497011185,0.06317015737295151,0.03448501229286194,0.0006153362337499857,0.0,0.0,0.0004582291003316641,0.015278667211532593,0.04502428323030472,0.011495004408061504,0.0006153362337499857,0.0,0.0,0.0,0.0015448866179212928,0.010251239873468876,0.003836032235994935,0.0005760594503954053,0.0,0.0,0.0,0.0,0.003050496568903327,0.0037574786692857742,0.00017019937513396144,3.9276779716601595e-05,0.0,0.0,0.0,0.0,0.0033516185358166695,0.0006284284754656255,0.0,0.0,0.0,0.0,0.0,0.0,0.00532855000346899,2.618451981106773e-05,0.0,0.0,0.0,0.0,0.0,0.0,27.48879759519038,0.026021293944059328,0.371708327962548,0.9936622420625616,4.475759983062744
dataset_images/Cotton20.jpg,Cotton,0.09313670545816422,0.0,0.0,0.0714663565158844,0.0,0.0,0.07057788223028183,0.0,0.0,0.0,0.07625576108694077,0.0,0.0,0.08748658746480942,0.0,0.0,0.0,0.13532517850399017,0.0,0.0,0.2080964744091034,0.0,0.0,0.0,0.35555481910705566,0.0,0.0,0.449940949678421,0.0,0.0,0.0,0.41823363304138184,0.0,0.0,0.2460647076368332,0.0,0.0,0.0,0.1703920066356659,0.0,0.0,0.11940211802721024,0.0,0.0,0.0,0.09898117929697037,0.0,0.0,0.08665364980697632,0.0,0.0,0.0,0.06248446926474571,0.0,0.0,0.14716681838035583,0.0,0.0,0.5733689665794373,0.0,0.00010473807924427092,0.0005760594503954053,0.015422682277858257,0.110655777156353,0.35332080721855164,0.133056640625,0.03237715736031532,3.9276779716601595e-05,0.0008509968756698072,0.012490016408264637,0.2088608294725418,0.5674840211868286,0.41980332136154175,0.014493132010102272,0.0,0.00020947615848854184,0.003692017402499914,0.04615021497011185,0.06317015737295151,0.03448501229286194,0.0006153362337499857,0.0,0.0,0.0004582291003316641,0.015278667211532593,0.04502428323030472,0.011495004408061504,0.0006153362337499857,0.0,0.0,0.0,0.0015448866179212928,0.010251239873468876,0.003836032235994935,0.0005760594503954053,0.0,0.0,0.0,0.0,0.003050496568903327,0.0037574786692857742,0.00017019937513396144,3.9276779716601595e-05,0.0,0.0,0.0,0.0,0.0033516185358166695,0.0006284284754656255,0.0,0.0,0.0,0.0,0.0,0.0,0.00532855000346899,2.618451981106773e-05,0.0,0.0,0.0,0.0,0.0,0.0,26.079122244488975,0.025548293295248492,0.37837757635751257,0.9939903945451315,4.470660209655762
dataset_images/Cotton21.jpg,Cotton,0.09313670545816422,0.0,0.0,0.0714663565158844,0.0,0.0,0.07068894058465958,0.0,0.0,0.0,0.0762418806552887,0.0,0.0,0.08743105828762054,0.0,0.0,0.0,0.13532517850399017,0.0,0.0,0.20790211856365204,0.0,0.0,0.0,0.3556658923625946,0.0,0.0,0.45019081234931946,0.0,0.0,0.0,0.41835859417915344,0.0,0.0,0.24578705430030823,0.0,0.0,0.0,0.1704752892255783,0.0,0.0,0.11944376677274704,0.0,0.0,0.0,0.09884235262870789,0.0,0.0,0.08658423274755478,0.0,0.0,0.0,0.06251223385334015,0.0,0.0,0.1471807062625885,0.0,0.0,0.5733550786972046,0.0,0.00010473807924427092,0.0005760594503954053,0.015422682277858257,0.110655777156353,0.35332080721855164,0.133056640625,0.03237715736031532,3.9276779716601595e-05,0.0008509968756698072,0.012490016408264637,0.2088608294725418,0.5674840211868286,0.41980332136154175,0.014493132010102272,0.0,0.00020947615848854184,0.003692017402499914,0.04615021497011185,0.06317015737295151,0.03448501229286194,0.0006153362337499857,0.0,0.0,0.0004582291003316641,0.015278667211532593,0.04502428323030472,0.011495004408061504,0.0006153362337499857,0.0,0.0,0.0,0.0015448866179212928,0.010251239873468876,0.003836032235994935,0.0005760594503954053,0.0,0.0,0.0,0.0,0.003050496568903327,0.0037574786692857742,0.00017019937513396144,3.9276779716601595e-05,0.0,0.0,0.0,0.0,0.0033516185358166695,0.0006284284754656255,0.0,0.0,0.0,0.0,0.0,0.0,0.00532855000346899,2.618451981106773e-05,0.0,0.0,0.0,0.0,0.0,0.0,27.48879759519038,0.026021293944059328,0.371708327962548,0.9936622420625616,4.474740028381348
dataset_images/Cotton22.jpg,Cotton,0.19627247750759125,0.0,0.0,0.10056993365287781,0.0,0.0,0.10262657701969147,0.0,0.0,0.0,0.09467422217130661,0.0,0.0,0.07972926646471024,0.0,0.0,0.0,0.10975628346204758,0.0,0.0,0.14101728796958923,0.0,0.0,0.0,0.23397763073444366,0.0,0.0,0.30685141682624817,0.0,0.0,0.0,0.31857427954673767,0.0,0.0,0.1459532380104065,0.0,0.0,0.0,0.14965519309043884,0.0,0.0,0.10817951709032059,0.0,0.0,0.0,0.09316601604223251,0.0,0.0,0.10084415227174759,0.0,0.0,0.0,0.09954161196947098,0.0,0.0,0.2363770455121994,0.0,0.0,0.8528220653533936,0.0,0.0002939066616818309,0.021984219551086426,0.18698342144489288,0.3068973422050476,0.1666450798511505,0.04167596623301506,0.0018810026813298464,0.0001175626675831154,0.005584226921200752,0.06289602816104889,0.2973159849643707,0.243413507938385,0.05360857769846916,0.001234408002346754,0.0,0.0005878133233636618,0.010521858930587769,0.007347666658461094,0.03086020052433014,0.0022924719378352165,0.0,0.0,0.0,0.001116845291107893,0.0022924719378352165,0.0001175626675831154,0.0,0.0,0.0,0.0,0.0,0.0002939066616818309,0.0001175626675831154,0.0,0.0,0.0,0.0,0.0,0.0,0.0002351253351662308,0.0,0.0,0.0,0.0,0.0,0.0,0.0,0.0,0.0,0.0,0.0,0.0,0.0,0.0,0.0,5.87813337915577e-05,0.0,0.0,0.0,0.0,0.0,0.0,0.0,136.25581349206348,0.02933991508114858,0.29525049010382876,0.9740910159937504,28.867259979248047
dataset_images/Cotton23.jpg,Cotton,0.19627247750759125,0.0,0.0,0.10056993365287781,0.0,0.0,0.10262657701969147,0.0,0.0,0.0,0.09467422217130661,0.0,0.0,0.07972926646471024,0.0,0.0,0.0,0.10968772321939468,0.0,0.0,0.14101728796958923,0.0,0.0,0.0,0.23404619097709656,0.0,0.0,0.30685141682624817,0.0,0.0,0.0,0.31857427954673767,0.0,0.0,0.1459532380104065,0.0,0.0,0.0,0.14965519309043884,0.0,0.0,0.10817951709032059,0.0,0.0,0.0,0.09316601604223251,0.0,0.0,0.10084415227174759,0.0,0.0,0.0,0.09954161196947098,0.0,0.0,0.2363770455121994,0.0,0.0,0.8528220653533936,0.0,0.0002939066616818309,0.021984219551086426,0.18698342144489288,0.3068973422050476,0.1666450798511505,0.04167596623301506,0.0018810026813298464,0.0001175626675831154,0.005584226921200752,0.06289602816104889,0.2973159849643707,0.243413507938385,0.05360857769846916,0.001234408002346754,0.0,0.0005878133233636618,0.010521858930587769,0.007347666658461094,0.03086020052433014,0.0022924719378352165,0.0,0.0,0.0,0.001116845291107893,0.0022924719378352165,0.0001175626675831154,0.0,0.0,0.0,0.0,0.0,0.0002939066616818309,0.0001175626675831154,0.0,0.0,0.0,0.0,0.0,0.0,0.0002351253351662308,0.0,0.0,0.0,0.0,0.0,0.0,0.0,0.0,0.0,0.0,0.0,0.0,0.0,0.0,0.0,5.87813337915577e-05,0.0,0.0,0.0,0.0,0.0,0.0,0.0,136.25581349206348,0.02933991508114858,0.29525049010382876,0.9740910159937504,28.89748191833496
dataset_images/Cotton24.jpg,Cotton,0.19627247750759125,0.0,0.0,0.10056993365287781,0.0,0.0,0.10262657701969147,0.0,0.0,0.0,0.09467422217130661,0.0,0.0,0.07972926646471024,0.0,0.0,0.0,0.10968772321939468,0.0,0.0,0.14101728796958923,0.0,0.0,0.0,0.23404619097709656,0.0,0.0,0.30685141682624817,0.0,0.0,0.0,0.31857427954673767,0.0,0.0,0.1459532380104065,0.0,0.0,0.0,0.14965519309043884,0.0,0.0,0.10817951709032059,0.0,0.0,0.0,0.09316601604223251,0.0,0.0,0.10084415227174759,0.0,0.0,0.0,0.09954161196947098,0.0,0.0,0.2363770455121994,0.0,0.0,0.8528220653533936,0.0,0.0002939066616818309,0.021984219551086426,0.18698342144489288,0.3068973422050476,0.1666450798511505,0.04167596623301506,0.0018810026813298464,0.0001175626675831154,0.005584226921200752,0.06289602816104889,0.2973159849643707,0.243413507938385,0.05360857769846916,0.001234408002346754,0.0,0.0005878133233636618,0.010521858930587769,0.007347666658461094,0.03086020052433014,0.0022924719378352165,0.0,0.0,0.0,0.001116845291107893,0.0022924719378352165,0.0001175626675831154,0.0,0.0,0.0,0.0,0.0,0.0002939066616818309,0.0001175626675831154,0.0,0.0,0.0,0.0,0.0,0.0,0.0002351253351662308,0.0,0.0,0.0,0.0,0.0,0.0,0.0,0.0,0.0,0.0,0.0,0.0,0.0,0.0,0.0,5.87813337915577e-05,0.0,0.0,0.0,0.0,0.0,0.0,0.0,124.39367063492064,0.02824873226519337,0.28812967961916225,0.9763621430304447,28.89748191833496
dataset_images/Cotton25.jpg,Cotton,0.058503925800323486,0.0,0.0,0.03267102316021919,0.0,0.0,0.05774413421750069,0.0,0.0,0.0,0.0672069862484932,0.0,0.0,0.06996986269950867,0.0,0.0,0.0,0.1343449056148529,0.0,0.0,0.21426112949848175,0.0,0.0,0.0,0.38535231351852417,0.0,0.0,0.5123755931854248,0.0,0.0,0.0,0.5188683271408081,0.0,0.0,0.18877358734607697,0.0,0.0,0.0,0.21840544044971466,0.0,0.0,0.09835842996835709,0.0,0.0,0.0,0.09386875480413437,0.0,0.0,0.07749870419502258,0.0,0.0,0.0,0.047659631818532944,0.0,0.0,0.3454977869987488,0.0,0.0,0.3492276966571808,0.0,0.0,0.0,0.00022439264284912497,0.001178061356768012,0.012509889900684357,0.021934380754828453,0.04476633295416832,0.0,0.0,0.0,0.0,0.0,0.0,0.0,0.0,0.0,0.0,0.0,0.0,0.0,0.0,0.0,0.0,0.0,0.0,0.0,0.0,0.0,0.0,0.0,0.0,0.0,0.0,0.0,0.0,0.0,0.0,0.0,0.0,0.0,0.0,0.0,0.0,0.0,0.0,0.0,0.0,0.0,0.0,0.0,0.0,0.0,0.0,0.0,0.0,0.0,0.0,0.0,0.0,0.0,0.0,0.0,0.0,26.097805429411643,0.05360632889651066,0.45627427150862065,0.9918992046588571,6.485889434814453
dataset_images/Cotton26.jpg,Cotton,0.058503925800323486,0.0,0.0,0.03267102316021919,0.0,0.0,0.058020420372486115,0.0,0.0,0.0,0.06713791936635971,0.0,0.0,0.0698317214846611,0.0,0.0,0.0,0.1343449056148529,0.0,0.0,0.21426112949848175,0.0,0.0,0.0,0.38542136549949646,0.0,0.0,0.5126518607139587,0.0,0.0,0.0,0.5184538960456848,0.0,0.0,0.18891173601150513,0.0,0.0,0.0,0.2182673066854477,0.0,0.0,0.09835842996835709,0.0,0.0,0.0,0.09386875480413437,0.0,0.0,0.07749870419502258,0.0,0.0,0.0,0.047659631818532944,0.0,0.0,0.3454977869987488,0.0,0.0,0.3492276966571808,0.0,0.0,0.0,0.00022439264284912497,0.001178061356768012,0.012509889900684357,0.021934380754828453,0.04476633295416832,0.0,0.0,0.0,0.0,0.0,0.0,0.0,0.0,0.0,0.0,0.0,0.0,0.0,0.0,0.0,0.0,0.0,0.0,0.0,0.0,0.0,0.0,0.0,0.0,0.0,0.0,0.0,0.0,0.0,0.0,0.0,0.0,0.0,0.0,0.0,0.0,0.0,0.0,0.0,0.0,0.0,0.0,0.0,0.0,0.0,0.0,0.0,0.0,0.0,0.0,0.0,0.0,0.0,0.0,0.0,0.0,26.097805429411643,0.05360632889651066,0.45627427150862065,0.9918992046588571,6.485889434814453
